harvest_netvalue_Mnok_min,GROTIncreaseInHarvCost150,MiSIncrease,CO2_HWP_kt
1400.1770046426893,801.8160588383129,0.8987262681547579,31698.30067951019
